[
  {
    "id": 10,
    "text": "person",
    "prefixKey": null,
    "suffixKey": "0",
    "backgroundColor": "#2196F3",
    "textColor": "#ffffff"
  },
  {
    "id": 11,
    "text": "event",
    "prefixKey": null,
    "suffixKey": "1",
    "backgroundColor": "#D32F2F",
    "textColor": "#ffffff"
  },
  {
    "id": 12,
    "text": "location",
    "prefixKey": null,
    "suffixKey": "2",
    "backgroundColor": "#388E3C",
    "textColor": "#ffffff"
  },
  {
    "id": 13,
    "text": "date",
    "prefixKey": null,
    "suffixKey": "3",
    "backgroundColor": "#F9A825",
    "textColor": "#4f4f4f"
  },
  {
    "id": 14,
    "text": "time",
    "prefixKey": null,
    "suffixKey": "4",
    "backgroundColor": "#EF9A9A",
    "textColor": "#ffffff"
  },
  {
    "id": 15,
    "text": "organization",
    "prefixKey": null,
    "suffixKey": "5",
    "backgroundColor": "#90CAF9",
    "textColor": "#4f4f4f"
  },
  {
    "id": 16,
    "text": "geopolitical",
    "prefixKey": null,
    "suffixKey": null,
    "backgroundColor": "#81C784",
    "textColor": "#ffffff"
  },
  {
    "id": 17,
    "text": "activity",
    "prefixKey": null,
    "suffixKey": null,
    "backgroundColor": "#F44336",
    "textColor": "#ffffff"
  },
  {
    "id": 18,
    "text": "artifact",
    "prefixKey": null,
    "suffixKey": null,
    "backgroundColor": "#00796B",
    "textColor": "#ffffff"
  },
  {
    "id": 19,
    "text": "quantity",
    "prefixKey": null,
    "suffixKey": null,
    "backgroundColor": "#FFEE58",
    "textColor": "#4f4f4f"
  },
  {
    "id": 20,
    "text": "quote",
    "prefixKey": null,
    "suffixKey": null,
    "backgroundColor": "#9E9E9E",
    "textColor": "#ffffff"
  },
  {
    "id": 21,
    "text": "city",
    "prefixKey": null,
    "suffixKey": null,
    "backgroundColor": "#303F9F",
    "textColor": "#ffffff"
  },
  {
    "id": 22,
    "text": "country",
    "prefixKey": null,
    "suffixKey": null,
    "backgroundColor": "#AFB42B",
    "textColor": "#ffffff"
  },
  {
    "id": 23,
    "text": "phone",
    "prefixKey": null,
    "suffixKey": null,
    "backgroundColor": "#E1BEE7",
    "textColor": "#4f4f4f"
  },
  {
    "id": 24,
    "text": "state",
    "prefixKey": null,
    "suffixKey": null,
    "backgroundColor": "#FDD835",
    "textColor": "#4f4f4f"
  },
  {
    "id": 25,
    "text": "role",
    "prefixKey": null,
    "suffixKey": null,
    "backgroundColor": "#880E4F",
    "textColor": "#ffffff"
  },
  {
    "id": 26,
    "text": "business",
    "prefixKey": null,
    "suffixKey": null,
    "backgroundColor": "#81D4FA",
    "textColor": "#4f4f4f"
  },
  {
    "id": 27,
    "text": "travel",
    "prefixKey": null,
    "suffixKey": null,
    "backgroundColor": "#9E9D24",
    "textColor": "#ffffff"
  },
  {
    "id": 28,
    "text": "redflag",
    "prefixKey": null,
    "suffixKey": null,
    "backgroundColor": "#F10D13",
    "textColor": "#ffffff"
  },
  {
    "id": 29,
    "text": "status",
    "prefixKey": null,
    "suffixKey": null,
    "backgroundColor": "#35E9BB",
    "textColor": "#4f4f4f"
  }
]